UE,Cross,F3.4 Surco,Column,Row,Cod,No,Adap. M *F4.5,family,f1.2,f2.3,f3.4,p1,p2,p3,p4,ID,Ambient.Humidity,Ambient.Temperature,ECSt.mAU,gH.,Leaf.Angle,Leaf.Temperature.Differential,LEF,Light.Intensity..PAR.,NPQt,Phi2,PhiNO,PhiNPQ,PS1.Active.Centers,PS1.Open.Centers,PS1.Over.Reduced.Centers,PS1.Oxidized.Centers,Relative.Chlorophyll,Thickness,vH.,date,time,Tratamiento,Genotipo,absorbance_940,Ambient.Pressure,B,ECS_tau,FmPrime,FoPrime,Fs,FvP_over_FmP,G,kP700,Leaf.Temperature,P700_DIRK_ampl,qL,R,thick2,thick3,thick4,Time.of.Day,tP700,v_initial_P700,value1,value2,value3,Latitude,Longitude,Family,Phi_index,Phi_in_ev,chl_ev,LTD_ev,NPQt_ev,thic_ev,li_count,hi_count,na_count,Final_eval,Carga,f1_2,f2_3,f3_4,Adap. M *F4.5 F
46,"((VAP    1xG 40056)F1 X SEN  118)F1 X ICTA LIGERO/002F1-11C-03C:[01C, 02C]",1136.0,2,12,QINT,19096-002,2,((VAP    1xG 40056)F1 X SEN  118)F1 X ICTA LIGERO,002F1,11C,03C,VAP 1,G 40056,SEN 118,ICTA LIGERO,,,,,,,,,,,,,,,,,,,,,,,,,,,,,,,,,,,,,,,,,,,,,,,,,,,,,,,,,,,,,,,,,3.0
179,"((VAP    1xG 40056)F1 X SEN  118)F1 X ICTA LIGERO/002F1-11C-01C:[01C, 02C]",1134.0,6,9,QINT,19096-002,2,((VAP    1xG 40056)F1 X SEN  118)F1 X ICTA LIGERO,002F1,11C,01C,VAP 1,G 40056,SEN 118,ICTA LIGERO,,,,,,,,,,,,,,,,,,,,,,,,,,,,,,,,,,,,,,,,,,,,,,,,,,,,,,,,,,,,,,,,,4.0
298,"((VAP    1xG 40056)F1 X SEN  118)F1 X ICTA LIGERO/002F1-12C-01C:[01C, 02C]",1137.0,9,9,QINT,19096-002,3,((VAP    1xG 40056)F1 X SEN  118)F1 X ICTA LIGERO,002F1,12C,01C,VAP 1,G 40056,SEN 118,ICTA LIGERO,,,,,,,,,,,,,,,,,,,,,,,,,,,,,,,,,,,,,,,,,,,,,,,,,,,,,,,,,,,,,,,,,
625,"((VAP    1xG 40056)F1 X SEN  118)F1 X ICTA LIGERO/002F1-11C-02C:[01C, 02C]",1135.0,19,22,QINT,19096-002,3,((VAP    1xG 40056)F1 X SEN  118)F1 X ICTA LIGERO,002F1,11C,02C,VAP 1,G 40056,SEN 118,ICTA LIGERO,,,,,,,,,,,,,,,,,,,,,,,,,,,,,,,,,,,,,,,,,,,,,,,,,,,,,,,,,,,,,,,,,
783,"((VAP    1xG 40056)F1 X SEN  118)F1 X ICTA LIGERO/002F1-12C-02C:[01C, 02C]",1138.0,24,1,QINT,19096-002,3,((VAP    1xG 40056)F1 X SEN  118)F1 X ICTA LIGERO,002F1,12C,02C,VAP 1,G 40056,SEN 118,ICTA LIGERO,,,,,,,,,,,,,,,,,,,,,,,,,,,,,,,,,,,,,,,,,,,,,,,,,,,,,,,,,,,,,,,,,
449,"((VAP    1xG 40287)F1 X ICTA LIGERO)F1 X SEN  118/002F1-11C-02C:[01C, 02C]",1385.0,14,7,QINT,19106-002,2,((VAP    1xG 40287)F1 X ICTA LIGERO)F1 X SEN  118,002F1,11C,02C,VAP 1,G 40287,ICTA LIGERO,SEN 118,,,,,,,,,,,,,,,,,,,,,,,,,,,,,,,,,,,,,,,,,,,,,,,,,,,,,,,,,,,,,,,,,
523,"((VAP    1xG 40287)F1 X ICTA LIGERO)F1 X SEN  118/002F1-11C-03C:[01C, 02C]",1386.0,16,13,QINT,19106-002,1,((VAP    1xG 40287)F1 X ICTA LIGERO)F1 X SEN  118,002F1,11C,03C,VAP 1,G 40287,ICTA LIGERO,SEN 118,,,,,,,,,,,,,,,,,,,,,,,,,,,,,,,,,,,,,,,,,,,,,,,,,,,,,,,,,,,,,,,,,
609,"((VAP    1xG 40287)F1 X ICTA LIGERO)F1 X SEN  118/002F1-11C-01C:[01C, 02C]",1384.0,18,31,QINT,19106-002,1,((VAP    1xG 40287)F1 X ICTA LIGERO)F1 X SEN  118,002F1,11C,01C,VAP 1,G 40287,ICTA LIGERO,SEN 118,,,,,,,,,,,,,,,,,,,,,,,,,,,,,,,,,,,,,,,,,,,,,,,,,,,,,,,,,,,,,,,,,
160,"((VAP    1xG 40287)F1 X ICTA LIGERO)F1 X SEN  118/004F1-11C-01C:[01C, 02C]",1387.0,5,11,QINT,19106-004,2,((VAP    1xG 40287)F1 X ICTA LIGERO)F1 X SEN  118,004F1,11C,01C,VAP 1,G 40287,ICTA LIGERO,SEN 118,,,,,,,,,,,,,,,,,,,,,,,,,,,,,,,,,,,,,,,,,,,,,,,,,,,,,,,,,,,,,,,,,
216,"((VAP    1xG 40287)F1 X ICTA LIGERO)F1 X SEN  118/004F1-11C-03C:[01C, 02C]",1389.0,7,23,QINT,19106-004,1,((VAP    1xG 40287)F1 X ICTA LIGERO)F1 X SEN  118,004F1,11C,03C,VAP 1,G 40287,ICTA LIGERO,SEN 118,,,,,,,,,,,,,,,,,,,,,,,,,,,,,,,,,,,,,,,,,,,,,,,,,,,,,,,,,,,,,,,,,
681,"((VAP    1xG 40287)F1 X ICTA LIGERO)F1 X SEN  118/004F1-11C-02C:[01C, 02C]",1388.0,21,34,QINT,19106-004,1,((VAP    1xG 40287)F1 X ICTA LIGERO)F1 X SEN  118,004F1,11C,02C,VAP 1,G 40287,ICTA LIGERO,SEN 118,,,,,,,,,,,,,,,,,,,,,,,,,,,,,,,,,,,,,,,,,,,,,,,,,,,,,,,,,,,,,,,,,
3,"((VAP    1xG 40287)F1 X ICTA LIGERO)F1 X SMR  155/003F1-11C-02C:[01C, 02C]",1349.0,1,32,QINT,19103-003,2,((VAP    1xG 40287)F1 X ICTA LIGERO)F1 X SMR  155,003F1,11C,02C,VAP 1,G 40287,ICTA LIGERO,SMR 155,,,,,,,,,,,,,,,,,,,,,,,,,,,,,,,,,,,,,,,,,,,,,,,,,,,,,,,,,,,,,,,,,
661,"((VAP    1xG 40287)F1 X ICTA LIGERO)F1 X SMR  155/003F1-11C-01C:[01C, 02C]",1348.0,20,15,QINT,19103-003,1,((VAP    1xG 40287)F1 X ICTA LIGERO)F1 X SMR  155,003F1,11C,01C,VAP 1,G 40287,ICTA LIGERO,SMR 155,,,,,,,,,,,,,,,,,,,,,,,,,,,,,,,,,,,,,,,,,,,,,,,,,,,,,,,,,,,,,,,,,
798,"((VAP    1xG 40287)F1 X ICTA LIGERO)F1 X SMR  155/003F1-11C-03C:[01C, 02C]",1350.0,24,16,QINT,19103-003,2,((VAP    1xG 40287)F1 X ICTA LIGERO)F1 X SMR  155,003F1,11C,03C,VAP 1,G 40287,ICTA LIGERO,SMR 155,,,,,,,,,,,,,,,,,,,,,,,,,,,,,,,,,,,,,,,,,,,,,,,,,,,,,,,,,,,,,,,,,
122,"((VAP    1xG 40287)F1 X SEF   10)F1 X ICTA LIGERO/001F1-12C-02C:[01C, 02C]",1626.0,4,20,QINT,19111-001,1,((VAP    1xG 40287)F1 X SEF   10)F1 X ICTA LIGERO,001F1,12C,02C,VAP 1,G 40287,SEF 10,ICTA LIGERO,1479626.0,46.14,37.58,7e-05,236.231,63.477,-7.07,14.61025755,48.531,0.195,0.669,0.277,0.054,0.68,0.442,0.107,0.451,39.11,0.22,0.017,2019-10-23,PM,INV_IZQUIERDA,122.0,0.393,901.423,189.0,0.0042,2201.77,433.0,729.33,0.803,193.0,-9242.2637,30.51,9e-05,0.494,319.2,0.22,0.21,0.2,14.5694444444444,-0.0001,-0.8318037,5562.0,50648.5,50654.0,3.50095197558403,-76.3528989907354,((VAP1xG40287)F1XSEF10)F1XICTALIGERO/001F1,2.02114803625378,HI,,,LI,LI,2.0,1.0,2.0,2.0,1.0,001F1,12C,02C,5.0
248,"((VAP    1xG 40287)F1 X SEF   10)F1 X ICTA LIGERO/001F1-11C-03C:[01C, 02C]",1624.0,8,10,QINT,19111-001,2,((VAP    1xG 40287)F1 X SEF   10)F1 X ICTA LIGERO,001F1,11C,03C,VAP 1,G 40287,SEF 10,ICTA LIGERO,1478654.0,39.621,38.9,0.00026,250.515,41.335,-9.25,59.7537,221.31,0.786,0.6,0.224,0.176,0.51,-0.096,-4.017,5.113,43.02,1.07,0.065,2019-10-23,PM,INV_IZQUIERDA,248.0,0.495,901.484,761.0,0.004,1571.17,421.0,629.0,0.732,775.0,101.0678,29.65,0.00015,0.548,1374.0,1.07,1.05,1.04,14.3022222222222,0.0099,0.0151602,5552.0,44126.0,44201.0,3.50092469248921,-76.3528746832162,((VAP1xG40287)F1XSEF10)F1XICTALIGERO/001F1,1.5,LI,HI,HI,HI,HI,1.0,4.0,0.0,4.0,2.0,001F1,11C,03C,
342,"((VAP    1xG 40287)F1 X SEF   10)F1 X ICTA LIGERO/001F1-11C-01C:[01C, 02C]",1622.0,11,33,QINT,19111-001,1,((VAP    1xG 40287)F1 X SEF   10)F1 X ICTA LIGERO,001F1,11C,01C,VAP 1,G 40287,SEF 10,ICTA LIGERO,1479080.0,56.938,36.77,0.00026,285.824,50.145,-2.56,75.4628724,258.789,0.675,0.648,0.21,0.142,2.298,1.027,0.244,-0.271,37.9,0.51,0.074,2019-10-23,PM,INV_IZQUIERDA,342.0,0.455,902.056,828.0,0.0035,1385.09,354.0,487.0,0.744,832.0,118.0347,34.21,8e-05,0.633,1538.0,0.51,0.5,0.49,13.7813888888889,0.0085,0.0094428,6117.5,48753.0,48763.0,3.50097913295031,-76.3529093842953,((VAP1xG40287)F1XSEF10)F1XICTALIGERO/001F1,1.84090909090909,,LI,LI,,,2.0,0.0,3.0,2.0,1.0,001F1,11C,01C,1.0
656,"((VAP    1xG 40287)F1 X SEF   10)F1 X ICTA LIGERO/001F1-12C-01C:[01C, 02C]",1625.0,20,10,QINT,19111-001,2,((VAP    1xG 40287)F1 X SEF   10)F1 X ICTA LIGERO,001F1,12C,01C,VAP 1,G 40287,SEF 10,ICTA LIGERO,1479446.0,54.866,33.43,0.00072,248.207,21.152,-3.68,213.6803022,876.098,0.674,0.542,0.274,0.184,4.064,0.478,0.659,-0.137,35.41,0.3,0.179,2019-10-23,PM,INV_DERECHA,656.0,0.403,899.537,5547.8,0.004,1922.0,491.0,880.33,0.745,5302.4,258.6621,29.75,0.00047,0.406,10077.2,0.3,0.29,0.3,13.5552777777778,0.0039,0.1215712,3463.0,44959.0,44972.0,3.50086631253362,-76.3530031777918,((VAP1xG40287)F1XSEF10)F1XICTALIGERO/001F1,1.18340611353712,LI,LI,LI,HI,,3.0,1.0,1.0,1.0,2.0,001F1,12C,01C,
907,"((VAP    1xG 40287)F1 X SEF   10)F1 X ICTA LIGERO/001F1-11C-02C:[01C, 02C]",1623.0,27,12,QINT,19111-001,1,((VAP    1xG 40287)F1 X SEF   10)F1 X ICTA LIGERO,001F1,11C,02C,VAP 1,G 40287,SEF 10,ICTA LIGERO,1504041.0,71.601,35.71,0.00042,177.128,12.677,-3.98,59.43456,206.37,0.517,0.64,0.237,0.123,0.419,3.798,-2.225,-0.572,38.66,0.14,0.074,2019-10-23,PM,INV_DERECHA,907.0,0.581,901.074,111.0,0.0056,1956.98,464.0,704.67,0.763,123.0,113.0466,31.73,0.00014,0.552,268.0,0.14,0.14,0.13,14.585,0.0088,0.0158265,6362.0,20806.0,20813.5,3.50088064558804,-76.3530225399882,((VAP1xG40287)F1XSEF10)F1XICTALIGERO/001F1,1.77777777777778,HI,,,LI,LI,2.0,1.0,2.0,2.0,1.0,001F1,11C,02C,6.0
937,"((VAP    1xG 40287)F1 X SEF   10)F1 X ICTA LIGERO/001F1-12C-03C:[01C, 02C]",1627.0,28,19,QINT,19111-001,1,((VAP    1xG 40287)F1 X SEF   10)F1 X ICTA LIGERO,001F1,12C,03C,VAP 1,G 40287,SEF 10,ICTA LIGERO,1504010.0,70.844,35.79,0.00042,216.772,31.145,-4.89,68.6068218,249.117,0.573,0.612,0.247,0.141,2.478,0.916,0.277,-0.193,41.72,0.79,0.091,2019-10-23,PM,INV_DERECHA,937.0,0.649,901.014,135.0,0.0046,2129.48,519.0,826.33,0.756,149.0,372.9968,30.9,0.00014,0.508,329.0,0.79,0.77,0.75,14.9886111111111,0.0027,0.0522196,5312.5,17380.5,17389.5,3.50084791425616,-76.3530347775668,((VAP1xG40287)F1XSEF10)F1XICTALIGERO/001F1,1.57731958762887,,HI,HI,,HI,0.0,3.0,2.0,4.0,1.0,001F1,12C,03C,3.0
161,"((VAP    1xG 40287)F1 X SEF   10)F1 X ICTA LIGERO/002F1-11C-03C:[01C, 02C]",1630.0,5,10,QINT,19111-002,1,((VAP    1xG 40287)F1 X SEF   10)F1 X ICTA LIGERO,002F1,11C,03C,VAP 1,G 40287,SEF 10,ICTA LIGERO,,,,,,,,,,,,,,,,,,,,,,,,,,,,,,,,,,,,,,,,,,,,,,,,,,,,,,,,,,,,,,,,,4.0
200,"((VAP    1xG 40287)F1 X SEF   10)F1 X ICTA LIGERO/002F1-11C-01C:[01C, 02C]",1628.0,6,30,QINT,19111-002,1,((VAP    1xG 40287)F1 X SEF   10)F1 X ICTA LIGERO,002F1,11C,01C,VAP 1,G 40287,SEF 10,ICTA LIGERO,,,,,,,,,,,,,,,,,,,,,,,,,,,,,,,,,,,,,,,,,,,,,,,,,,,,,,,,,,,,,,,,,5.0
652,"((VAP    1xG 40287)F1 X SEF   10)F1 X ICTA LIGERO/002F1-11C-02C:[01C, 02C]",1629.0,20,6,QINT,19111-002,2,((VAP    1xG 40287)F1 X SEF   10)F1 X ICTA LIGERO,002F1,11C,02C,VAP 1,G 40287,SEF 10,ICTA LIGERO,,,,,,,,,,,,,,,,,,,,,,,,,,,,,,,,,,,,,,,,,,,,,,,,,,,,,,,,,,,,,,,,,
445,"((VAP    1xG 40287)F1 X SEF   10)F1 X ICTA LIGERO/007F1-11C-01C:[01C, 02C]",1693.0,14,3,QINT,19111-007,3,((VAP    1xG 40287)F1 X SEF   10)F1 X ICTA LIGERO,007F1,11C,01C,VAP 1,G 40287,SEF 10,ICTA LIGERO,,,,,,,,,,,,,,,,,,,,,,,,,,,,,,,,,,,,,,,,,,,,,,,,,,,,,,,,,,,,,,,,,3.0
451,"((VAP    1xG 40287)F1 X SEF   10)F1 X ICTA LIGERO/007F1-12C-01C:[01C, 02C]",1695.0,14,9,QINT,19111-007,4,((VAP    1xG 40287)F1 X SEF   10)F1 X ICTA LIGERO,007F1,12C,01C,VAP 1,G 40287,SEF 10,ICTA LIGERO,,,,,,,,,,,,,,,,,,,,,,,,,,,,,,,,,,,,,,,,,,,,,,,,,,,,,,,,,,,,,,,,,
714,"((VAP    1xG 40287)F1 X SEF   10)F1 X ICTA LIGERO/007F1-12C-02C:[01C, 02C]",1696.0,21,1,QINT,19111-007,3,((VAP    1xG 40287)F1 X SEF   10)F1 X ICTA LIGERO,007F1,12C,02C,VAP 1,G 40287,SEF 10,ICTA LIGERO,,,,,,,,,,,,,,,,,,,,,,,,,,,,,,,,,,,,,,,,,,,,,,,,,,,,,,,,,,,,,,,,,4.0
828,"((VAP    1xG 40287)F1 X SEF   10)F1 X ICTA LIGERO/007F1-11C-02C:[01C, 02C]",1694.0,25,23,QINT,19111-007,3,((VAP    1xG 40287)F1 X SEF   10)F1 X ICTA LIGERO,007F1,11C,02C,VAP 1,G 40287,SEF 10,ICTA LIGERO,,,,,,,,,,,,,,,,,,,,,,,,,,,,,,,,,,,,,,,,,,,,,,,,,,,,,,,,,,,,,,,,,3.0
175,"((VAP    1xG 40287)F1 X SEF   10)F1 X SEF   10/001F1-11C-01C:[01C, 02C]",1794.0,6,5,QINT,19112-001,2,((VAP    1xG 40287)F1 X SEF   10)F1 X SEF   10,001F1,11C,01C,VAP 1,G 40287,SEF 10,SEF 10,,,,,,,,,,,,,,,,,,,,,,,,,,,,,,,,,,,,,,,,,,,,,,,,,,,,,,,,,,,,,,,,,3.0
377,"((VAP    1xG 40287)F1 X SEF   10)F1 X SEF   10/001F1-12C-02C:[01C, 02C]",1797.0,12,3,QINT,19112-001,2,((VAP    1xG 40287)F1 X SEF   10)F1 X SEF   10,001F1,12C,02C,VAP 1,G 40287,SEF 10,SEF 10,,,,,,,,,,,,,,,,,,,,,,,,,,,,,,,,,,,,,,,,,,,,,,,,,,,,,,,,,,,,,,,,,5.0
547,"((VAP    1xG 40287)F1 X SEF   10)F1 X SEF   10/001F1-12C-03C:[01C, 02C]",1798.0,17,32,QINT,19112-001,2,((VAP    1xG 40287)F1 X SEF   10)F1 X SEF   10,001F1,12C,03C,VAP 1,G 40287,SEF 10,SEF 10,,,,,,,,,,,,,,,,,,,,,,,,,,,,,,,,,,,,,,,,,,,,,,,,,,,,,,,,,,,,,,,,,4.0
912,"((VAP    1xG 40287)F1 X SEF   10)F1 X SEF   10/001F1-11C-02C:[01C, 02C]",1795.0,27,7,QINT,19112-001,3,((VAP    1xG 40287)F1 X SEF   10)F1 X SEF   10,001F1,11C,02C,VAP 1,G 40287,SEF 10,SEF 10,,,,,,,,,,,,,,,,,,,,,,,,,,,,,,,,,,,,,,,,,,,,,,,,,,,,,,,,,,,,,,,,,
927,"((VAP    1xG 40287)F1 X SEF   10)F1 X SEF   10/001F1-12C-01C:[01C, 02C]",1796.0,28,9,QINT,19112-001,3,((VAP    1xG 40287)F1 X SEF   10)F1 X SEF   10,001F1,12C,01C,VAP 1,G 40287,SEF 10,SEF 10,,,,,,,,,,,,,,,,,,,,,,,,,,,,,,,,,,,,,,,,,,,,,,,,,,,,,,,,,,,,,,,,,
134,"((VAP    1xG 40287)F1 X SEF   10)F1 X SEF   10/002F1-11C-01C:[01C, 02C]",1799.0,4,32,QINT,19112-002,2,((VAP    1xG 40287)F1 X SEF   10)F1 X SEF   10,002F1,11C,01C,VAP 1,G 40287,SEF 10,SEF 10,,,,,,,,,,,,,,,,,,,,,,,,,,,,,,,,,,,,,,,,,,,,,,,,,,,,,,,,,,,,,,,,,
154,"((VAP    1xG 40287)F1 X SEF   10)F1 X SEF   10/002F1-12C-01C:[01C, 02C]",1801.0,5,17,QINT,19112-002,1,((VAP    1xG 40287)F1 X SEF   10)F1 X SEF   10,002F1,12C,01C,VAP 1,G 40287,SEF 10,SEF 10,,,,,,,,,,,,,,,,,,,,,,,,,,,,,,,,,,,,,,,,,,,,,,,,,,,,,,,,,,,,,,,,,5.0
232,"((VAP    1xG 40287)F1 X SEF   10)F1 X SEF   10/002F1-12C-03C:[01C, 02C]",1803.0,7,7,QINT,19112-002,1,((VAP    1xG 40287)F1 X SEF   10)F1 X SEF   10,002F1,12C,03C,VAP 1,G 40287,SEF 10,SEF 10,,,,,,,,,,,,,,,,,,,,,,,,,,,,,,,,,,,,,,,,,,,,,,,,,,,,,,,,,,,,,,,,,5.0
771,"((VAP    1xG 40287)F1 X SEF   10)F1 X SEF   10/002F1-11C-02C:[01C, 02C]",1800.0,23,12,QINT,19112-002,2,((VAP    1xG 40287)F1 X SEF   10)F1 X SEF   10,002F1,11C,02C,VAP 1,G 40287,SEF 10,SEF 10,,,,,,,,,,,,,,,,,,,,,,,,,,,,,,,,,,,,,,,,,,,,,,,,,,,,,,,,,,,,,,,,,
787,"((VAP    1xG 40287)F1 X SEF   10)F1 X SEF   10/002F1-12C-02C:[01C, 02C]",1802.0,24,5,QINT,19112-002,3,((VAP    1xG 40287)F1 X SEF   10)F1 X SEF   10,002F1,12C,02C,VAP 1,G 40287,SEF 10,SEF 10,,,,,,,,,,,,,,,,,,,,,,,,,,,,,,,,,,,,,,,,,,,,,,,,,,,,,,,,,,,,,,,,,
55,"((VAP    1xG 40287)F1 X SEF   10)F1 X SEN  118/002F1-12C-01C:[01C, 02C]",1836.0,2,21,QINT,19113-002,1,((VAP    1xG 40287)F1 X SEF   10)F1 X SEN  118,002F1,12C,01C,VAP 1,G 40287,SEF 10,SEN 118,,,,,,,,,,,,,,,,,,,,,,,,,,,,,,,,,,,,,,,,,,,,,,,,,,,,,,,,,,,,,,,,,5.0
130,"((VAP    1xG 40287)F1 X SEF   10)F1 X SEN  118/002F1-11C-03C:[01C, 02C]",1835.0,4,28,QINT,19113-002,1,((VAP    1xG 40287)F1 X SEF   10)F1 X SEN  118,002F1,11C,03C,VAP 1,G 40287,SEF 10,SEN 118,,,,,,,,,,,,,,,,,,,,,,,,,,,,,,,,,,,,,,,,,,,,,,,,,,,,,,,,,,,,,,,,,5.0
397,"((VAP    1xG 40287)F1 X SEF   10)F1 X SEN  118/002F1-11C-01C:[01C, 02C]",1833.0,12,23,QINT,19113-002,2,((VAP    1xG 40287)F1 X SEF   10)F1 X SEN  118,002F1,11C,01C,VAP 1,G 40287,SEF 10,SEN 118,,,,,,,,,,,,,,,,,,,,,,,,,,,,,,,,,,,,,,,,,,,,,,,,,,,,,,,,,,,,,,,,,
567,"((VAP    1xG 40287)F1 X SEF   10)F1 X SEN  118/002F1-11C-02C:[01C, 02C]",1834.0,17,12,QINT,19113-002,3,((VAP    1xG 40287)F1 X SEF   10)F1 X SEN  118,002F1,11C,02C,VAP 1,G 40287,SEF 10,SEN 118,,,,,,,,,,,,,,,,,,,,,,,,,,,,,,,,,,,,,,,,,,,,,,,,,,,,,,,,,,,,,,,,,
702,"((VAP    1xG 40287)F1 X SEF   10)F1 X SEN  118/002F1-12C-02C:[01C, 02C]",1837.0,21,13,QINT,19113-002,4,((VAP    1xG 40287)F1 X SEF   10)F1 X SEN  118,002F1,12C,02C,VAP 1,G 40287,SEF 10,SEN 118,,,,,,,,,,,,,,,,,,,,,,,,,,,,,,,,,,,,,,,,,,,,,,,,,,,,,,,,,,,,,,,,,
12,"((VAP    1xG 40287)F1 X SEF   10)F1 X SEN  118/004F1-12C-01C:[01C, 02C]",1863.0,1,23,QINT,19113-004,2,((VAP    1xG 40287)F1 X SEF   10)F1 X SEN  118,004F1,12C,01C,VAP 1,G 40287,SEF 10,SEN 118,,,,,,,,,,,,,,,,,,,,,,,,,,,,,,,,,,,,,,,,,,,,,,,,,,,,,,,,,,,,,,,,,
289,"((VAP    1xG 40287)F1 X SEF   10)F1 X SEN  118/004F1-11C-01C:[01C, 02C]",1861.0,9,18,QINT,19113-004,1,((VAP    1xG 40287)F1 X SEF   10)F1 X SEN  118,004F1,11C,01C,VAP 1,G 40287,SEF 10,SEN 118,,,,,,,,,,,,,,,,,,,,,,,,,,,,,,,,,,,,,,,,,,,,,,,,,,,,,,,,,,,,,,,,,3.0
499,"((VAP    1xG 40287)F1 X SEF   10)F1 X SEN  118/004F1-12C-02C:[01C, 02C]",1864.0,15,12,QINT,19113-004,2,((VAP    1xG 40287)F1 X SEF   10)F1 X SEN  118,004F1,12C,02C,VAP 1,G 40287,SEF 10,SEN 118,,,,,,,,,,,,,,,,,,,,,,,,,,,,,,,,,,,,,,,,,,,,,,,,,,,,,,,,,,,,,,,,,
680,"((VAP    1xG 40287)F1 X SEF   10)F1 X SEN  118/004F1-11C-02C:[01C, 02C]",1862.0,20,34,QINT,19113-004,2,((VAP    1xG 40287)F1 X SEF   10)F1 X SEN  118,004F1,11C,02C,VAP 1,G 40287,SEF 10,SEN 118,,,,,,,,,,,,,,,,,,,,,,,,,,,,,,,,,,,,,,,,,,,,,,,,,,,,,,,,,,,,,,,,,
271,"((VAP    1xG 40287)F1 X SEF   10)F1 X SMC  214/006F1-11C-01C:[01C, 02C]",1445.0,8,33,QINT,19109-006,1,((VAP    1xG 40287)F1 X SEF   10)F1 X SMC  214,006F1,11C,01C,VAP 1,G 40287,SEF 10,SMC 214,1478630.0,41.861,37.88,0.00034,154.128,16.788,-7.73,36.7953768,131.248,0.679,0.623,0.224,0.152,2.003,0.514,0.558,-0.072,28.33,1.14,0.052,2019-10-23,PM,INV_IZQUIERDA,271.0,0.472,901.302,414.0,0.0065,1660.3,425.0,625.33,0.744,424.0,84.9747,30.15,0.00015,0.569,754.0,1.14,1.15,1.14,14.5672222222222,0.0118,0.0127462,5986.0,47403.0,47419.5,3.50100394338369,-76.3529062829912,((VAP1xG40287)F1XSEF10)F1XSMC214/006F1,1.65691489361702,HI,LI,HI,,HI,1.0,3.0,1.0,4.0,1.0,006F1,11C,01C,6.0
415,"((VAP    1xG 40287)F1 X SEF   10)F1 X SMC  214/006F1-11C-03C:[01C, 02C]",1447.0,13,28,QINT,19109-006,1,((VAP    1xG 40287)F1 X SEF   10)F1 X SMC  214,006F1,11C,03C,VAP 1,G 40287,SEF 10,SMC 214,1479011.0,51.266,37.77,0.00074,203.039,30.491,-5.74,203.27328,806.64,1.166,0.56,0.203,0.237,1.608,0.852,0.527,-0.379,33.15,0.72,0.15,2019-10-23,PM,INV_IZQUIERDA,415.0,0.463,900.935,2614.4,0.0049,1057.2,325.0,465.33,0.693,2585.2,176.6692,32.03,0.00035,0.565,5078.8,0.72,0.71,0.7,15.0530555555556,0.0057,0.0618342,6009.5,47949.0,47953.5,3.50095897447318,-76.3529479410499,((VAP1xG40287)F1XSEF10)F1XSMC214/006F1,1.27272727272727,LI,,,HI,,1.0,1.0,3.0,2.0,1.0,006F1,11C,03C,4.0
471,"((VAP    1xG 40287)F1 X SEF   10)F1 X SMC  214/006F1-12C-02C:[01C, 02C]",1449.0,14,29,QINT,19109-006,2,((VAP    1xG 40287)F1 X SEF   10)F1 X SMC  214,006F1,12C,02C,VAP 1,G 40287,SEF 10,SMC 214,1479592.0,49.614,35.92,0.00066,232.805,8.784,-2.63,112.18635945,417.593,0.56,0.597,0.258,0.145,1.422,0.93,-0.109,0.179,35.2,0.61,0.154,2019-10-23,PM,INV_IZQUIERDA,471.0,0.41,900.908,1438.4,0.0043,1795.64,435.0,723.33,0.758,1434.6,342.1663,33.29,0.00017,0.474,2666.0,0.61,0.6,0.6,15.2547222222222,0.0029,0.0581683,5267.5,47821.0,47812.0,3.50093977991492,-76.3529345300049,((VAP1xG40287)F1XSEF10)F1XSMC214/006F1,1.48138957816377,,HI,LI,LI,LI,3.0,1.0,1.0,1.0,2.0,006F1,12C,02C,
735,"((VAP    1xG 40287)F1 X SEF   10)F1 X SMC  214/006F1-12C-01C:[01C, 02C]",1448.0,22,21,QINT,19109-006,2,((VAP    1xG 40287)F1 X SEF   10)F1 X SMC  214,006F1,12C,01C,VAP 1,G 40287,SEF 10,SMC 214,1479367.0,42.928,38.75,0.00041,220.6,43.163,-8.74,69.0583482,248.322,0.503,0.618,0.254,0.128,3.868,0.626,0.541,-0.167,37.22,1.29,0.09,2019-10-23,PM,INV_DERECHA,735.0,0.46,898.472,1457.8,0.0045,1894.31,446.0,723.0,0.765,1399.0,351.3447,30.01,8e-05,0.499,2539.8,1.29,1.26,1.26,14.2872222222222,0.0028,0.0281076,3000.5,38698.0,38700.0,3.50090889260173,-76.3530289102346,((VAP1xG40287)F1XSEF10)F1XSMC214/006F1,1.61780104712042,,HI,HI,,HI,0.0,3.0,2.0,4.0,2.0,006F1,12C,01C,
742,"((VAP    1xG 40287)F1 X SEF   10)F1 X SMC  214/006F1-11C-02C:[01C, 02C]",1446.0,22,28,QINT,19109-006,1,((VAP    1xG 40287)F1 X SEF   10)F1 X SMC  214,006F1,11C,02C,VAP 1,G 40287,SEF 10,SMC 214,1479360.0,45.26,38.56,0.00017,309.371,18.37,-8.73,37.1346003,128.338,0.345,0.643,0.266,0.092,2.15,0.415,0.002,0.584,36.14,0.89,0.053,2019-10-23,PM,INV_DERECHA,742.0,0.431,898.383,1072.4,0.0032,1994.77,431.0,712.33,0.784,1065.4,284.3525,29.83,8e-05,0.496,1753.0,0.89,0.87,0.85,14.3455555555556,0.0035,0.0227482,3280.0,42488.0,42473.0,3.50092850625515,-76.3530011661351,((VAP1xG40287)F1XSEF10)F1XSMC214/006F1,1.79608938547486,HI,,,LI,,1.0,1.0,3.0,2.0,1.0,006F1,11C,02C,5.0
859,"((VAP    1xG 40287)F1 X SEF   10)F1 X SMC  214/006F1-12C-03C:[01C, 02C]",1450.0,26,9,QINT,19109-006,2,((VAP    1xG 40287)F1 X SEF   10)F1 X SMC  214,006F1,12C,03C,VAP 1,G 40287,SEF 10,SMC 214,1504088.0,68.212,36.51,0.0012,172.165,12.551,-4.87,209.1939651,904.427,0.872,0.514,0.26,0.227,2.309,0.806,-0.001,0.196,34.99,0.53,0.207,2019-10-23,PM,INV_DERECHA,859.0,0.637,901.721,500.0,0.0058,1785.07,495.0,868.33,0.723,552.0,241.8467,31.64,0.00099,0.405,1312.0,0.53,0.53,0.52,13.9663888888889,0.0041,0.2394282,5605.0,18373.0,18367.5,3.50087871775031,-76.3530398067087,((VAP1xG40287)F1XSEF10)F1XSMC214/006F1,1.05544147843943,LI,LI,LI,HI,LI,4.0,1.0,0.0,1.0,2.0,006F1,12C,03C,
19,"((VAP    1xG 40287)F1 X SEF   10)F1 X SMR  155/002F1-11C-01C:[01C, 02C]",1487.0,1,16,QINT,19110-002,3,((VAP    1xG 40287)F1 X SEF   10)F1 X SMR  155,002F1,11C,01C,VAP 1,G 40287,SEF 10,SMR 155,,,,,,,,,,,,,,,,,,,,,,,,,,,,,,,,,,,,,,,,,,,,,,,,,,,,,,,,,,,,,,,,,5.0
302,"((VAP    1xG 40287)F1 X SEF   10)F1 X SMR  155/002F1-11C-03C:[01C, 02C]",1489.0,9,5,QINT,19110-002,3,((VAP    1xG 40287)F1 X SEF   10)F1 X SMR  155,002F1,11C,03C,VAP 1,G 40287,SEF 10,SMR 155,,,,,,,,,,,,,,,,,,,,,,,,,,,,,,,,,,,,,,,,,,,,,,,,,,,,,,,,,,,,,,,,,2.0
595,"((VAP    1xG 40287)F1 X SEF   10)F1 X SMR  155/002F1-11C-02C:[01C, 02C]",1488.0,18,17,QINT,19110-002,3,((VAP    1xG 40287)F1 X SEF   10)F1 X SMR  155,002F1,11C,02C,VAP 1,G 40287,SEF 10,SMR 155,,,,,,,,,,,,,,,,,,,,,,,,,,,,,,,,,,,,,,,,,,,,,,,,,,,,,,,,,,,,,,,,,4.0
220,"((VAP    1xG 40287)F1 X SEF   10)F1 X SMR  155/004F1-03C-01C:[01C, 02C]",1502.0,7,19,QINT,19110-004,2,((VAP    1xG 40287)F1 X SEF   10)F1 X SMR  155,004F1,03C,01C,VAP 1,G 40287,SEF 10,SMR 155,1478682.0,47.613,38.45,0.00056,260.842,42.139,-6.64,147.10168215,615.617,0.849,0.531,0.254,0.215,1.226,1.033,-0.377,0.344,43.78,1.32,0.146,2019-10-23,PM,INV_IZQUIERDA,220.0,0.5,901.925,2373.0,0.0038,1648.56,453.0,773.33,0.725,2379.0,318.3624,31.81,0.00022,0.429,4292.0,1.32,1.31,1.31,14.0077777777778,0.0031,0.0700397,5440.0,42900.0,42915.0,3.50095537025481,-76.3529341109097,((VAP1xG40287)F1XSEF10)F1XSMR155/004F1,1.13219616204691,LI,,HI,,HI,1.0,2.0,2.0,2.0,2.0,004F1,03C,01C,
347,"((VAP    1xG 40287)F1 X SEF   10)F1 X SMR  155/004F1-01C-01C:[01C, 02C]",1498.0,11,28,QINT,19110-004,1,((VAP    1xG 40287)F1 X SEF   10)F1 X SMR  155,004F1,01C,01C,VAP 1,G 40287,SEF 10,SMR 155,1479076.0,54.149,36.96,0.00054,232.145,30.768,-3.77,117.3276135,427.423,0.555,0.61,0.251,0.139,2.254,0.487,-0.068,0.581,44.69,0.59,0.125,2019-10-23,PM,INV_IZQUIERDA,347.0,0.454,901.965,1622.4,0.0043,1526.87,369.0,595.33,0.758,1616.6,213.6711,33.19,0.00019,0.499,2910.2,0.59,0.57,0.53,13.8686111111111,0.0047,0.0405975,6031.0,48157.5,48145.5,3.50097163114697,-76.3529290817678,((VAP1xG40287)F1XSEF10)F1XSMR155/004F1,1.56410256410256,HI,HI,LI,LI,LI,3.0,2.0,0.0,1.0,1.0,004F1,01C,01C,6.0
418,"((VAP    1xG 40287)F1 X SEF   10)F1 X SMR  155/004F1-02C-01C:[01C, 02C]",1500.0,13,25,QINT,19110-004,1,((VAP    1xG 40287)F1 X SEF   10)F1 X SMR  155,004F1,02C,01C,VAP 1,G 40287,SEF 10,SMR 155,1479008.0,52.169,37.65,0.00088,232.854,25.629,-5.62,201.7868778,819.772,0.861,0.547,0.243,0.21,2.234,1.023,0.519,-0.542,39.98,0.65,0.205,2019-10-23,PM,INV_IZQUIERDA,418.0,0.462,900.854,2523.8,0.0043,1394.53,385.0,631.67,0.724,2491.0,305.352,32.03,0.00035,0.461,5012.6,0.65,0.64,0.64,15.0913888888889,0.0033,0.1068732,5973.5,47738.5,47744.5,3.5009666858241,-76.3529202807695,((VAP1xG40287)F1XSEF10)F1XSMR155/004F1,1.2075055187638,,LI,,HI,,1.0,1.0,3.0,2.0,1.0,004F1,02C,01C,5.0
644,"((VAP    1xG 40287)F1 X SEF   10)F1 X SMR  155/004F1-01C-02C:[01C, 02C]",1499.0,19,3,QINT,19110-004,1,((VAP    1xG 40287)F1 X SEF   10)F1 X SMR  155,004F1,01C,02C,VAP 1,G 40287,SEF 10,SMR 155,1479458.0,58.525,31.44,0.00217,744.931,17.687,-3.77,49.834035,190.935,0.498,0.58,0.281,0.14,2.16,1.043,-0.241,0.197,43.09,1.14,1.617,2019-10-23,PM,INV_DERECHA,644.0,0.456,899.546,1162.0,0.0013,2354.65,553.0,989.33,0.765,1121.8,300.9469,27.67,0.00011,0.424,2001.8,1.14,0.73,0.72,13.4522222222222,0.0033,0.0331042,3044.0,39640.0,39652.0,3.50084720179439,-76.3529616873711,((VAP1xG40287)F1XSEF10)F1XSMR155/004F1,1.37767220902613,HI,HI,LI,LI,HI,2.0,3.0,0.0,4.0,1.0,004F1,01C,02C,6.0
725,"((VAP    1xG 40287)F1 X SEF   10)F1 X SMR  155/004F1-03C-02C:[01C, 02C]",1503.0,22,11,QINT,19110-004,1,((VAP    1xG 40287)F1 X SEF   10)F1 X SMR  155,004F1,03C,02C,VAP 1,G 40287,SEF 10,SMR 155,1479377.0,41.792,38.87,0.00082,225.295,54.262,-7.24,131.7302046,553.372,0.788,0.529,0.263,0.207,0.212,-0.397,-8.589,9.986,37.64,0.74,0.185,2019-10-23,PM,INV_DERECHA,725.0,0.396,898.634,3692.6,0.0044,1693.23,454.0,797.0,0.732,3548.6,257.7586,31.63,0.00023,0.412,6633.8,0.74,0.73,0.69,14.1997222222222,0.0039,0.0592845,3502.0,45040.0,45043.5,3.50086082238704,-76.353003680706,((VAP1xG40287)F1XSEF10)F1XSMR155/004F1,1.12553191489362,LI,LI,,HI,,2.0,1.0,2.0,2.0,1.0,004F1,03C,02C,5.0
881,"((VAP    1xG 40287)F1 X SEF   10)F1 X SMR  155/004F1-02C-02C:[01C, 02C]",1501.0,26,31,QINT,19110-004,1,((VAP    1xG 40287)F1 X SEF   10)F1 X SMR  155,004F1,02C,02C,VAP 1,G 40287,SEF 10,SMR 155,1504067.0,72.833,38.03,0.00056,202.802,25.641,-7.34,88.4163852,345.917,0.618,0.568,0.267,0.165,3.267,0.836,0.272,-0.108,38.76,0.32,0.114,2019-10-23,PM,INV_DERECHA,881.0,0.645,901.333,187.0,0.0049,1915.51,477.0,827.67,0.751,206.0,288.278,30.69,0.00023,0.436,447.0,0.32,0.31,0.31,14.2769444444444,0.0035,0.0663039,5491.0,17999.5,17992.5,3.5043003,-76.356312,((VAP1xG40287)F1XSEF10)F1XSMR155/004F1,1.31481481481481,,,HI,,LI,1.0,1.0,3.0,2.0,1.0,004F1,02C,02C,3.0
117,"((VAP    1xG 40287)F1 X SEF   10)F1 X SMR  155/009F1-12C-01C:[01C, 02C]",1548.0,4,15,QINT,19110-009,3,((VAP    1xG 40287)F1 X SEF   10)F1 X SMR  155,009F1,12C,01C,VAP 1,G 40287,SEF 10,SMR 155,,,,,,,,,,,,,,,,,,,,,,,,,,,,,,,,,,,,,,,,,,,,,,,,,,,,,,,,,,,,,,,,,
285,"((VAP    1xG 40287)F1 X SEF   10)F1 X SMR  155/009F1-11C-01C:[01C, 02C]",1546.0,9,22,QINT,19110-009,1,((VAP    1xG 40287)F1 X SEF   10)F1 X SMR  155,009F1,11C,01C,VAP 1,G 40287,SEF 10,SMR 155,,,,,,,,,,,,,,,,,,,,,,,,,,,,,,,,,,,,,,,,,,,,,,,,,,,,,,,,,,,,,,,,,3.0
627,"((VAP    1xG 40287)F1 X SEF   10)F1 X SMR  155/009F1-11C-02C:[01C, 02C]",1547.0,19,20,QINT,19110-009,2,((VAP    1xG 40287)F1 X SEF   10)F1 X SMR  155,009F1,11C,02C,VAP 1,G 40287,SEF 10,SMR 155,,,,,,,,,,,,,,,,,,,,,,,,,,,,,,,,,,,,,,,,,,,,,,,,,,,,,,,,,,,,,,,,,
720,"((VAP    1xG 40287)F1 X SEF   10)F1 X SMR  155/009F1-12C-02C:[01C, 02C]",1549.0,22,6,QINT,19110-009,3,((VAP    1xG 40287)F1 X SEF   10)F1 X SMR  155,009F1,12C,02C,VAP 1,G 40287,SEF 10,SMR 155,,,,,,,,,,,,,,,,,,,,,,,,,,,,,,,,,,,,,,,,,,,,,,,,,,,,,,,,,,,,,,,,,
71,"((VAP    1xG 40287)F1 X SEF   10)F1 X SMR  155/011F1-02C-03C:[01C, 02C]",1585.0,3,32,QINT,19110-011,2,((VAP    1xG 40287)F1 X SEF   10)F1 X SMR  155,011F1,02C,03C,VAP 1,G 40287,SEF 10,SMR 155,1478352.0,46.992,37.84,0.00036,228.635,56.235,-4.73,62.5007394,221.516,0.338,0.627,0.279,0.094,1.439,1.548,-0.518,-0.03,48.22,0.89,0.082,2019-10-23,PM,INV_IZQUIERDA,71.0,0.472,901.838,818.0,0.0044,1965.43,423.0,732.67,0.785,827.0,390.9298,33.11,7e-05,0.461,1407.0,0.89,0.89,0.87,14.0094444444444,0.0026,0.0273651,4478.0,40651.5,40660.0,3.50096940994263,-76.3528799638152,((VAP1xG40287)F1XSEF10)F1XSMR155/011F1,1.68096514745308,HI,HI,HI,LI,,1.0,3.0,1.0,4.0,2.0,011F1,02C,03C,
186,"((VAP    1xG 40287)F1 X SEF   10)F1 X SMR  155/011F1-01C-02C:[01C, 02C]",1581.0,6,16,QINT,19110-011,4,((VAP    1xG 40287)F1 X SEF   10)F1 X SMR  155,011F1,01C,02C,VAP 1,G 40287,SEF 10,SMR 155,1478716.0,53.311,35.57,0.00052,239.454,53.541,-3.42,112.0038732,464.361,0.81,0.536,0.256,0.208,0.788,1.534,-1.154,0.62,41.55,0.66,0.125,2019-10-23,PM,INV_IZQUIERDA,186.0,0.46,902.517,1850.0,0.0042,1770.33,479.0,821.67,0.729,1870.8,281.9046,32.15,0.00018,0.428,3282.6,0.66,0.66,0.65,13.6569444444444,0.0035,0.0507428,5764.5,45544.0,45557.5,3.50094418041408,-76.3528756052256,((VAP1xG40287)F1XSEF10)F1XSMR155/011F1,1.1551724137931,LI,,LI,,LI,3.0,0.0,2.0,1.0,4.0,011F1,01C,02C,
194,"((VAP    1xG 40287)F1 X SEF   10)F1 X SMR  155/011F1-02C-01C:[01C, 02C]",1583.0,6,24,QINT,19110-011,1,((VAP    1xG 40287)F1 X SEF   10)F1 X SMR  155,011F1,02C,01C,VAP 1,G 40287,SEF 10,SMR 155,1478708.0,53.011,36.77,0.00044,274.468,61.991,-4.22,72.6115968,279.168,0.855,0.578,0.228,0.195,2.898,0.528,-0.354,0.826,36.55,0.9,0.121,2019-10-23,PM,INV_IZQUIERDA,194.0,0.476,902.4,1022.0,0.0036,1633.7,450.0,689.67,0.725,1039.0,388.5026,32.55,0.00017,0.52,1820.0,0.9,0.89,0.87,13.7369444444444,0.0026,0.0660454,5684.0,44932.5,44938.5,3.5009761992842,-76.3528947159648,((VAP1xG40287)F1XSEF10)F1XSMR155/011F1,1.36643026004728,,LI,,HI,HI,1.0,2.0,2.0,2.0,1.0,011F1,02C,01C,4.0
596,"((VAP    1xG 40287)F1 X SEF   10)F1 X SMR  155/011F1-01C-03C:[01C, 02C]",1582.0,18,18,QINT,19110-011,2,((VAP    1xG 40287)F1 X SEF   10)F1 X SMR  155,011F1,01C,03C,VAP 1,G 40287,SEF 10,SMR 155,1479118.0,42.424,37.61,0.00024,307.277,7.575,-7.28,37.4351319,141.238,0.64,0.589,0.251,0.16,1.282,1.046,-0.219,0.173,36.82,1.06,0.074,2019-10-23,PM,INV_DERECHA,596.0,0.428,901.086,461.0,0.0033,1840.67,463.0,757.0,0.748,473.0,205.3959,30.33,7e-05,0.481,769.0,1.06,1.05,1.04,14.7183333333333,0.0049,0.0143777,3760.0,45414.0,45418.5,3.50087176077068,-76.3529968913645,((VAP1xG40287)F1XSEF10)F1XSMR155/011F1,1.4330900243309,LI,,,HI,,1.0,1.0,3.0,2.0,2.0,011F1,01C,03C,
642,"((VAP    1xG 40287)F1 X SEF   10)F1 X SMR  155/011F1-02C-02C:[01C, 02C]",1584.0,19,5,QINT,19110-011,1,((VAP    1xG 40287)F1 X SEF   10)F1 X SMR  155,011F1,02C,02C,VAP 1,G 40287,SEF 10,SMR 155,1479460.0,59.866,31.06,0.00035,176.572,9.538,-2.39,60.86185155,226.547,0.496,0.597,0.27,0.134,1.155,0.966,-0.368,0.402,36.31,0.49,0.062,2019-10-23,PM,INV_DERECHA,642.0,0.411,899.572,1350.8,0.0057,2075.24,487.0,837.33,0.765,1301.8,437.6345,28.67,0.00012,0.453,2326.8,0.49,0.48,0.48,13.4352777777778,0.0023,0.0525161,3370.5,44060.5,44072.5,3.50084586068988,-76.3529262319207,((VAP1xG40287)F1XSEF10)F1XSMR155/011F1,1.47772277227723,,LI,LI,LI,LI,4.0,0.0,1.0,1.0,1.0,011F1,02C,02C,3.0
765,"((VAP    1xG 40287)F1 X SEF   10)F1 X SMR  155/011F1-01C-01C:[01C, 02C]",1580.0,23,18,QINT,19110-011,1,((VAP    1xG 40287)F1 X SEF   10)F1 X SMR  155,011F1,01C,01C,VAP 1,G 40287,SEF 10,SMR 155,1479336.0,45.645,38.35,0.00015,284.481,46.327,-10.42,29.41114995,102.603,0.516,0.637,0.239,0.123,11.782,0.063,0.778,0.159,44.69,1.23,0.043,2019-10-23,PM,INV_DERECHA,765.0,0.456,898.117,639.0,0.0035,2021.07,479.0,733.33,0.763,619.0,480.6757,27.93,2e-05,0.545,1075.0,1.23,1.23,1.24,14.5505555555556,0.0021,0.0096135,3047.5,39276.5,39290.0,3.50091006606817,-76.3530450873077,((VAP1xG40287)F1XSEF10)F1XSMR155/011F1,1.75966850828729,HI,HI,HI,,HI,0.0,4.0,1.0,4.0,1.0,011F1,01C,01C,2.0
213,"((VAP    1xG 40287)F1 X SEF   10)F1 X SMR  155/012F1-01C-02C:[01C, 02C]",1587.0,7,26,QINT,19110-012,3,((VAP    1xG 40287)F1 X SEF   10)F1 X SMR  155,012F1,01C,02C,VAP 1,G 40287,SEF 10,SMR 155,,,,,,,,,,,,,,,,,,,,,,,,,,,,,,,,,,,,,,,,,,,,,,,,,,,,,,,,,,,,,,,,,
303,"((VAP    1xG 40287)F1 X SEF   10)F1 X SMR  155/012F1-02C-01C:[01C, 02C]",1589.0,9,4,QINT,19110-012,3,((VAP    1xG 40287)F1 X SEF   10)F1 X SMR  155,012F1,02C,01C,VAP 1,G 40287,SEF 10,SMR 155,,,,,,,,,,,,,,,,,,,,,,,,,,,,,,,,,,,,,,,,,,,,,,,,,,,,,,,,,,,,,,,,,
673,"((VAP    1xG 40287)F1 X SEF   10)F1 X SMR  155/012F1-02C-02C:[01C, 02C]",1590.0,20,27,QINT,19110-012,3,((VAP    1xG 40287)F1 X SEF   10)F1 X SMR  155,012F1,02C,02C,VAP 1,G 40287,SEF 10,SMR 155,,,,,,,,,,,,,,,,,,,,,,,,,,,,,,,,,,,,,,,,,,,,,,,,,,,,,,,,,,,,,,,,,
879,"((VAP    1xG 40287)F1 X SEF   10)F1 X SMR  155/012F1-01C-01C:[01C, 02C]",1586.0,26,29,QINT,19110-012,2,((VAP    1xG 40287)F1 X SEF   10)F1 X SMR  155,012F1,01C,01C,VAP 1,G 40287,SEF 10,SMR 155,,,,,,,,,,,,,,,,,,,,,,,,,,,,,,,,,,,,,,,,,,,,,,,,,,,,,,,,,,,,,,,,,
889,"((VAP    1xG 40287)F1 X SEF   10)F1 X SMR  155/012F1-01C-03C:[01C, 02C]",1588.0,27,30,QINT,19110-012,1,((VAP    1xG 40287)F1 X SEF   10)F1 X SMR  155,012F1,01C,03C,VAP 1,G 40287,SEF 10,SMR 155,,,,,,,,,,,,,,,,,,,,,,,,,,,,,,,,,,,,,,,,,,,,,,,,,,,,,,,,,,,,,,,,,4.0
358,"(VAP    1xG 40287)F1 X SEF   10/001F1-11C-01C:[01C, 02C]",924.0,11,17,QINT,19092-001,2,(VAP    1xG 40287)F1 X SEF   10,001F1,11C,01C,VAP 1,G 40287,SEF 10,,,,,,,,,,,,,,,,,,,,,,,,,,,,,,,,,,,,,,,,,,,,,,,,,,,,,,,,,,,,,,,,,,
897,"(VAP    1xG 40287)F1 X SEF   10/001F1-11C-02C:[01C, 02C]",925.0,27,22,QINT,19092-001,2,(VAP    1xG 40287)F1 X SEF   10,001F1,11C,02C,VAP 1,G 40287,SEF 10,,,,,,,,,,,,,,,,,,,,,,,,,,,,,,,,,,,,,,,,,,,,,,,,,,,,,,,,,,,,,,,,,,
